[
  {
    "code": "AF",
    "dial_code": "+93",
    "iso_code": "af",
    "name": "Afghanistan"
  },
  {
    "code": "AX",
    "dial_code": "+358",
    "iso_code": "ax",
    "name": "Aland Islands"
  },
  {
    "code": "AL",
    "dial_code": "+355",
    "iso_code": "al",
    "name": "Albania"
  },
  {
    "code": "DZ",
    "dial_code": "+213",
    "iso_code": "dz",
    "name": "Algeria"
  },
  {
    "code": "AS",
    "dial_code": "+1684",
    "iso_code": "as",
    "name": "AmericanSamoa"
  },
  {
    "code": "AD",
    "dial_code": "+376",
    "iso_code": "ad",
    "name": "Andorra"
  },
  {
    "code": "AO",
    "dial_code": "+244",
    "iso_code": "ao",
    "name": "Angola"
  },
  {
    "code": "AI",
    "dial_code": "+1264",
    "iso_code": "ai",
    "name": "Anguilla"
  },
  {
    "code": "AQ",
    "dial_code": "+672",
    "iso_code": "aq",
    "name": "Antarctica"
  },
  {
    "code": "AG",
    "dial_code": "+1268",
    "iso_code": "ag",
    "name": "Antigua and Barbuda"
  },
  {
    "code": "AR",
    "dial_code": "+54",
    "iso_code": "ar",
    "name": "Argentina"
  },
  {
    "code": "AM",
    "dial_code": "+374",
    "iso_code": "am",
    "name": "Armenia"
  },
  {
    "code": "AW",
    "dial_code": "+297",
    "iso_code": "aw",
    "name": "Aruba"
  },
  {
    "code": "AU",
    "dial_code": "+61",
    "iso_code": "au",
    "name": "Australia"
  },
  {
    "code": "AT",
    "dial_code": "+43",
    "iso_code": "at",
    "name": "Austria"
  },
  {
    "code": "AZ",
    "dial_code": "+994",
    "iso_code": "az",
    "name": "Azerbaijan"
  },
  {
    "code": "BS",
    "dial_code": "+1242",
    "iso_code": "bs",
    "name": "Bahamas"
  },
  {
    "code": "BH",
    "dial_code": "+973",
    "iso_code": "bh",
    "name": "Bahrain"
  },
  {
    "code": "BD",
    "dial_code": "+880",
    "iso_code": "bd",
    "name": "Bangladesh"
  },
  {
    "code": "BB",
    "dial_code": "+1246",
    "iso_code": "bb",
    "name": "Barbados"
  },
  {
    "code": "BY",
    "dial_code": "+375",
    "iso_code": "by",
    "name": "Belarus"
  },
  {
    "code": "BE",
    "dial_code": "+32",
    "iso_code": "be",
    "name": "Belgium"
  },
  {
    "code": "BZ",
    "dial_code": "+501",
    "iso_code": "bz",
    "name": "Belize"
  },
  {
    "code": "BJ",
    "dial_code": "+229",
    "iso_code": "bj",
    "name": "Benin"
  },
  {
    "code": "BM",
    "dial_code": "+1441",
    "iso_code": "bm",
    "name": "Bermuda"
  },
  {
    "code": "BT",
    "dial_code": "+975",
    "iso_code": "bt",
    "name": "Bhutan"
  },
  {
    "code": "BO",
    "dial_code": "+591",
    "iso_code": "bo",
    "name": "Bolivia, Plurinational State of"
  },
  {
    "code": "BA",
    "dial_code": "+387",
    "iso_code": "ba",
    "name": "Bosnia and Herzegovina"
  },
  {
    "code": "BW",
    "dial_code": "+267",
    "iso_code": "bw",
    "name": "Botswana"
  },
  {
    "code": "BR",
    "dial_code": "+55",
    "iso_code": "br",
    "name": "Brazil"
  },
  {
    "code": "IO",
    "dial_code": "+246",
    "iso_code": "io",
    "name": "British Indian Ocean Territory"
  },
  {
    "code": "BN",
    "dial_code": "+673",
    "iso_code": "bn",
    "name": "Brunei Darussalam"
  },
  {
    "code": "BG",
    "dial_code": "+359",
    "iso_code": "bg",
    "name": "Bulgaria"
  },
  {
    "code": "BF",
    "dial_code": "+226",
    "iso_code": "bf",
    "name": "Burkina Faso"
  },
  {
    "code": "BI",
    "dial_code": "+257",
    "iso_code": "bi",
    "name": "Burundi"
  },
  {
    "code": "KH",
    "dial_code": "+855",
    "iso_code": "kh",
    "name": "Cambodia"
  },
  {
    "code": "CM",
    "dial_code": "+237",
    "iso_code": "cm",
    "name": "Cameroon"
  },
  {
    "code": "CA",
    "dial_code": "+1",
    "iso_code": "ca",
    "name": "Canada"
  },
  {
    "code": "CV",
    "dial_code": "+238",
    "iso_code": "cv",
    "name": "Cape Verde"
  },
  {
    "code": "KY",
    "dial_code": "+ 345",
    "iso_code": "ky",
    "name": "Cayman Islands"
  },
  {
    "code": "CF",
    "dial_code": "+236",
    "iso_code": "cf",
    "name": "Central African Republic"
  },
  {
    "code": "TD",
    "dial_code": "+235",
    "iso_code": "td",
    "name": "Chad"
  },
  {
    "code": "CL",
    "dial_code": "+56",
    "iso_code": "cl",
    "name": "Chile"
  },
  {
    "code": "CN",
    "dial_code": "+86",
    "iso_code": "cn",
    "name": "China"
  },
  {
    "code": "CX",
    "dial_code": "+61",
    "iso_code": "cx",
    "name": "Christmas Island"
  },
  {
    "code": "CC",
    "dial_code": "+61",
    "iso_code": "cc",
    "name": "Cocos (Keeling) Islands"
  },
  {
    "code": "CO",
    "dial_code": "+57",
    "iso_code": "co",
    "name": "Colombia"
  },
  {
    "code": "KM",
    "dial_code": "+269",
    "iso_code": "km",
    "name": "Comoros"
  },
  {
    "code": "CG",
    "dial_code": "+242",
    "iso_code": "cg",
    "name": "Congo"
  },
  {
    "code": "CD",
    "dial_code": "+243",
    "iso_code": "cd",
    "name": "Congo, The Democratic Republic of the Congo"
  },
  {
    "code": "CK",
    "dial_code": "+682",
    "iso_code": "ck",
    "name": "Cook Islands"
  },
  {
    "code": "CR",
    "dial_code": "+506",
    "iso_code": "cr",
    "name": "Costa Rica"
  },
  {
    "code": "CI",
    "dial_code": "+225",
    "iso_code": "ci",
    "name": "Cote d'Ivoire"
  },
  {
    "code": "HR",
    "dial_code": "+385",
    "iso_code": "hr",
    "name": "Croatia"
  },
  {
    "code": "CU",
    "dial_code": "+53",
    "iso_code": "cu",
    "name": "Cuba"
  },
  {
    "code": "CY",
    "dial_code": "+357",
    "iso_code": "cy",
    "name": "Cyprus"
  },
  {
    "code": "CZ",
    "dial_code": "+420",
    "iso_code": "cz",
    "name": "Czech Republic"
  },
  {
    "code": "DK",
    "dial_code": "+45",
    "iso_code": "dk",
    "name": "Denmark"
  },
  {
    "code": "DJ",
    "dial_code": "+253",
    "iso_code": "dj",
    "name": "Djibouti"
  },
  {
    "code": "DM",
    "dial_code": "+1767",
    "iso_code": "dm",
    "name": "Dominica"
  },
  {
    "code": "DO",
    "dial_code": "+1849",
    "iso_code": "do",
    "name": "Dominican Republic"
  },
  {
    "code": "EC",
    "dial_code": "+593",
    "iso_code": "ec",
    "name": "Ecuador"
  },
  {
    "code": "EG",
    "dial_code": "+20",
    "iso_code": "eg",
    "name": "Egypt"
  },
  {
    "code": "SV",
    "dial_code": "+503",
    "iso_code": "sv",
    "name": "El Salvador"
  },
  {
    "code": "GQ",
    "dial_code": "+240",
    "iso_code": "gq",
    "name": "Equatorial Guinea"
  },
  {
    "code": "ER",
    "dial_code": "+291",
    "iso_code": "er",
    "name": "Eritrea"
  },
  {
    "code": "EE",
    "dial_code": "+372",
    "iso_code": "ee",
    "name": "Estonia"
  },
  {
    "code": "ET",
    "dial_code": "+251",
    "iso_code": "et",
    "name": "Ethiopia"
  },
  {
    "code": "FK",
    "dial_code": "+500",
    "iso_code": "fk",
    "name": "Falkland Islands (Malvinas)"
  },
  {
    "code": "FO",
    "dial_code": "+298",
    "iso_code": "fo",
    "name": "Faroe Islands"
  },
  {
    "code": "FJ",
    "dial_code": "+679",
    "iso_code": "fj",
    "name": "Fiji"
  },
  {
    "code": "FI",
    "dial_code": "+358",
    "iso_code": "fi",
    "name": "Finland"
  },
  {
    "code": "FR",
    "dial_code": "+33",
    "iso_code": "fr",
    "name": "France"
  },
  {
    "code": "GF",
    "dial_code": "+594",
    "iso_code": "gf",
    "name": "French Guiana"
  },
  {
    "code": "PF",
    "dial_code": "+689",
    "iso_code": "pf",
    "name": "French Polynesia"
  },
  {
    "code": "GA",
    "dial_code": "+241",
    "iso_code": "ga",
    "name": "Gabon"
  },
  {
    "code": "GM",
    "dial_code": "+220",
    "iso_code": "gm",
    "name": "Gambia"
  },
  {
    "code": "GE",
    "dial_code": "+995",
    "iso_code": "ge",
    "name": "Georgia"
  },
  {
    "code": "DE",
    "dial_code": "+49",
    "iso_code": "de",
    "name": "Germany"
  },
  {
    "code": "GH",
    "dial_code": "+233",
    "iso_code": "gh",
    "name": "Ghana"
  },
  {
    "code": "GI",
    "dial_code": "+350",
    "iso_code": "gi",
    "name": "Gibraltar"
  },
  {
    "code": "GR",
    "dial_code": "+30",
    "iso_code": "gr",
    "name": "Greece"
  },
  {
    "code": "GL",
    "dial_code": "+299",
    "iso_code": "gl",
    "name": "Greenland"
  },
  {
    "code": "GD",
    "dial_code": "+1473",
    "iso_code": "gd",
    "name": "Grenada"
  },
  {
    "code": "GP",
    "dial_code": "+590",
    "iso_code": "gp",
    "name": "Guadeloupe"
  },
  {
    "code": "GU",
    "dial_code": "+1671",
    "iso_code": "gu",
    "name": "Guam"
  },
  {
    "code": "GT",
    "dial_code": "+502",
    "iso_code": "gt",
    "name": "Guatemala"
  },
  {
    "code": "GG",
    "dial_code": "+44",
    "iso_code": "gg",
    "name": "Guernsey"
  },
  {
    "code": "GN",
    "dial_code": "+224",
    "iso_code": "gn",
    "name": "Guinea"
  },
  {
    "code": "GW",
    "dial_code": "+245",
    "iso_code": "gw",
    "name": "Guinea-Bissau"
  },
  {
    "code": "GY",
    "dial_code": "+595",
    "iso_code": "gy",
    "name": "Guyana"
  },
  {
    "code": "HT",
    "dial_code": "+509",
    "iso_code": "ht",
    "name": "Haiti"
  },
  {
    "code": "VA",
    "dial_code": "+379",
    "iso_code": "va",
    "name": "Holy See (Vatican City State)"
  },
  {
    "code": "HN",
    "dial_code": "+504",
    "iso_code": "hn",
    "name": "Honduras"
  },
  {
    "code": "HK",
    "dial_code": "+852",
    "iso_code": "hk",
    "name": "Hong Kong"
  },
  {
    "code": "HU",
    "dial_code": "+36",
    "iso_code": "hu",
    "name": "Hungary"
  },
  {
    "code": "IS",
    "dial_code": "+354",
    "iso_code": "is",
    "name": "Iceland"
  },
  {
    "code": "IN",
    "dial_code": "+91",
    "iso_code": "ind",
    "name": "India"
  },
  {
    "code": "ID",
    "dial_code": "+62",
    "iso_code": "id",
    "name": "Indonesia"
  },
  {
    "code": "IR",
    "dial_code": "+98",
    "iso_code": "ir",
    "name": "Iran, Islamic Republic of Persian Gulf"
  },
  {
    "code": "IQ",
    "dial_code": "+964",
    "iso_code": "iq",
    "name": "Iraq"
  },
  {
    "code": "IE",
    "dial_code": "+353",
    "iso_code": "ie",
    "name": "Ireland"
  },
  {
    "code": "IM",
    "dial_code": "+44",
    "iso_code": "im",
    "name": "Isle of Man"
  },
  {
    "code": "IL",
    "dial_code": "+972",
    "iso_code": "il",
    "name": "Israel"
  },
  {
    "code": "IT",
    "dial_code": "+39",
    "iso_code": "it",
    "name": "Italy"
  },
  {
    "code": "JM",
    "dial_code": "+1876",
    "iso_code": "jm",
    "name": "Jamaica"
  },
  {
    "code": "JP",
    "dial_code": "+81",
    "iso_code": "jp",
    "name": "Japan"
  },
  {
    "code": "JE",
    "dial_code": "+44",
    "iso_code": "je",
    "name": "Jersey"
  },
  {
    "code": "JO",
    "dial_code": "+962",
    "iso_code": "jo",
    "name": "Jordan"
  },
  {
    "code": "KZ",
    "dial_code": "+77",
    "iso_code": "kz",
    "name": "Kazakhstan"
  },
  {
    "code": "KE",
    "dial_code": "+254",
    "iso_code": "ke",
    "name": "Kenya"
  },
  {
    "code": "KI",
    "dial_code": "+686",
    "iso_code": "ki",
    "name": "Kiribati"
  },
  {
    "code": "KP",
    "dial_code": "+850",
    "iso_code": "kp",
    "name": "Korea, Democratic People's Republic of Korea"
  },
  {
    "code": "KR",
    "dial_code": "+82",
    "iso_code": "kr",
    "name": "Korea, Republic of South Korea"
  },
  {
    "code": "KW",
    "dial_code": "+965",
    "iso_code": "kw",
    "name": "Kuwait"
  },
  {
    "code": "KG",
    "dial_code": "+996",
    "iso_code": "kg",
    "name": "Kyrgyzstan"
  },
  {
    "code": "LA",
    "dial_code": "+856",
    "iso_code": "la",
    "name": "Laos"
  },
  {
    "code": "LV",
    "dial_code": "+371",
    "iso_code": "lv",
    "name": "Latvia"
  },
  {
    "code": "LB",
    "dial_code": "+961",
    "iso_code": "lb",
    "name": "Lebanon"
  },
  {
    "code": "LS",
    "dial_code": "+266",
    "iso_code": "ls",
    "name": "Lesotho"
  },
  {
    "code": "LR",
    "dial_code": "+231",
    "iso_code": "lr",
    "name": "Liberia"
  },
  {
    "code": "LY",
    "dial_code": "+218",
    "iso_code": "ly",
    "name": "Libyan Arab Jamahiriya"
  },
  {
    "code": "LI",
    "dial_code": "+423",
    "iso_code": "li",
    "name": "Liechtenstein"
  },
  {
    "code": "LT",
    "dial_code": "+370",
    "iso_code": "lt",
    "name": "Lithuania"
  },
  {
    "code": "LU",
    "dial_code": "+352",
    "iso_code": "lu",
    "name": "Luxembourg"
  },
  {
    "code": "MO",
    "dial_code": "+853",
    "iso_code": "mo",
    "name": "Macao"
  },
  {
    "code": "MK",
    "dial_code": "+389",
    "iso_code": "mk",
    "name": "Macedonia"
  },
  {
    "code": "MG",
    "dial_code": "+261",
    "iso_code": "mg",
    "name": "Madagascar"
  },
  {
    "code": "MW",
    "dial_code": "+265",
    "iso_code": "mw",
    "name": "Malawi"
  },
  {
    "code": "MY",
    "dial_code": "+60",
    "iso_code": "my",
    "name": "Malaysia"
  },
  {
    "code": "MV",
    "dial_code": "+960",
    "iso_code": "mv",
    "name": "Maldives"
  },
  {
    "code": "ML",
    "dial_code": "+223",
    "iso_code": "ml",
    "name": "Mali"
  },
  {
    "code": "MT",
    "dial_code": "+356",
    "iso_code": "mt",
    "name": "Malta"
  },
  {
    "code": "MH",
    "dial_code": "+692",
    "iso_code": "mh",
    "name": "Marshall Islands"
  },
  {
    "code": "MQ",
    "dial_code": "+596",
    "iso_code": "mq",
    "name": "Martinique"
  },
  {
    "code": "MR",
    "dial_code": "+222",
    "iso_code": "mr",
    "name": "Mauritania"
  },
  {
    "code": "MU",
    "dial_code": "+230",
    "iso_code": "mu",
    "name": "Mauritius"
  },
  {
    "code": "YT",
    "dial_code": "+262",
    "iso_code": "yt",
    "name": "Mayotte"
  },
  {
    "code": "MX",
    "dial_code": "+52",
    "iso_code": "mx",
    "name": "Mexico"
  },
  {
    "code": "FM",
    "dial_code": "+691",
    "iso_code": "fm",
    "name": "Micronesia, Federated States of Micronesia"
  },
  {
    "code": "MD",
    "dial_code": "+373",
    "iso_code": "md",
    "name": "Moldova"
  },
  {
    "code": "MC",
    "dial_code": "+377",
    "iso_code": "mc",
    "name": "Monaco"
  },
  {
    "code": "MN",
    "dial_code": "+976",
    "iso_code": "mn",
    "name": "Mongolia"
  },
  {
    "code": "ME",
    "dial_code": "+382",
    "iso_code": "me",
    "name": "Montenegro"
  },
  {
    "code": "MS",
    "dial_code": "+1664",
    "iso_code": "ms",
    "name": "Montserrat"
  },
  {
    "code": "MA",
    "dial_code": "+212",
    "iso_code": "ma",
    "name": "Morocco"
  },
  {
    "code": "MZ",
    "dial_code": "+258",
    "iso_code": "mz",
    "name": "Mozambique"
  },
  {
    "code": "MM",
    "dial_code": "+95",
    "iso_code": "mm",
    "name": "Myanmar"
  },
  {
    "code": "NA",
    "dial_code": "+264",
    "iso_code": "na",
    "name": "Namibia"
  },
  {
    "code": "NR",
    "dial_code": "+674",
    "iso_code": "nr",
    "name": "Nauru"
  },
  {
    "code": "NP",
    "dial_code": "+977",
    "iso_code": "np",
    "name": "Nepal"
  },
  {
    "code": "NL",
    "dial_code": "+31",
    "iso_code": "nl",
    "name": "Netherlands"
  },
  {
    "code": "AN",
    "dial_code": "+599",
    "iso_code": "an",
    "name": "Netherlands Antilles"
  },
  {
    "code": "NC",
    "dial_code": "+687",
    "iso_code": "nc",
    "name": "New Caledonia"
  },
  {
    "code": "NZ",
    "dial_code": "+64",
    "iso_code": "nz",
    "name": "New Zealand"
  },
  {
    "code": "NI",
    "dial_code": "+505",
    "iso_code": "ni",
    "name": "Nicaragua"
  },
  {
    "code": "NE",
    "dial_code": "+227",
    "iso_code": "ne",
    "name": "Niger"
  },
  {
    "code": "NG",
    "dial_code": "+234",
    "iso_code": "ng",
    "name": "Nigeria"
  },
  {
    "code": "NU",
    "dial_code": "+683",
    "iso_code": "nu",
    "name": "Niue"
  },
  {
    "code": "NF",
    "dial_code": "+672",
    "iso_code": "nf",
    "name": "Norfolk Island"
  },
  {
    "code": "MP",
    "dial_code": "+1670",
    "iso_code": "mp",
    "name": "Northern Mariana Islands"
  },
  {
    "code": "NO",
    "dial_code": "+47",
    "iso_code": "no",
    "name": "Norway"
  },
  {
    "code": "OM",
    "dial_code": "+968",
    "iso_code": "om",
    "name": "Oman"
  },
  {
    "code": "PK",
    "dial_code": "+92",
    "iso_code": "pk",
    "name": "Pakistan"
  },
  {
    "code": "PW",
    "dial_code": "+680",
    "iso_code": "pw",
    "name": "Palau"
  },
  {
    "code": "PS",
    "dial_code": "+970",
    "iso_code": "ps",
    "name": "Palestinian Territory, Occupied"
  },
  {
    "code": "PA",
    "dial_code": "+507",
    "iso_code": "pa",
    "name": "Panama"
  },
  {
    "code": "PG",
    "dial_code": "+675",
    "iso_code": "pg",
    "name": "Papua New Guinea"
  },
  {
    "code": "PY",
    "dial_code": "+595",
    "iso_code": "py",
    "name": "Paraguay"
  },
  {
    "code": "PE",
    "dial_code": "+51",
    "iso_code": "pe",
    "name": "Peru"
  },
  {
    "code": "PH",
    "dial_code": "+63",
    "iso_code": "ph",
    "name": "Philippines"
  },
  {
    "code": "PN",
    "dial_code": "+872",
    "iso_code": "pn",
    "name": "Pitcairn"
  },
  {
    "code": "PL",
    "dial_code": "+48",
    "iso_code": "pl",
    "name": "Poland"
  },
  {
    "code": "PT",
    "dial_code": "+351",
    "iso_code": "pt",
    "name": "Portugal"
  },
  {
    "code": "PR",
    "dial_code": "+1939",
    "iso_code": "pr",
    "name": "Puerto Rico"
  },
  {
    "code": "QA",
    "dial_code": "+974",
    "iso_code": "qa",
    "name": "Qatar"
  },
  {
    "code": "RO",
    "dial_code": "+40",
    "iso_code": "ro",
    "name": "Romania"
  },
  {
    "code": "RU",
    "dial_code": "+7",
    "iso_code": "ru",
    "name": "Russia"
  },
  {
    "code": "RW",
    "dial_code": "+250",
    "iso_code": "rw",
    "name": "Rwanda"
  },
  {
    "code": "RE",
    "dial_code": "+262",
    "iso_code": "re",
    "name": "Reunion"
  },
  {
    "code": "BL",
    "dial_code": "+590",
    "iso_code": "bl",
    "name": "Saint Barthelemy"
  },
  {
    "code": "SH",
    "dial_code": "+290",
    "iso_code": "sh",
    "name": "Saint Helena, Ascension and Tristan Da Cunha"
  },
  {
    "code": "KN",
    "dial_code": "+1869",
    "iso_code": "kn",
    "name": "Saint Kitts and Nevis"
  },
  {
    "code": "LC",
    "dial_code": "+1758",
    "iso_code": "lc",
    "name": "Saint Lucia"
  },
  {
    "code": "MF",
    "dial_code": "+590",
    "iso_code": "mf",
    "name": "Saint Martin"
  },
  {
    "code": "PM",
    "dial_code": "+508",
    "iso_code": "pm",
    "name": "Saint Pierre and Miquelon"
  },
  {
    "code": "VC",
    "dial_code": "+1784",
    "iso_code": "vc",
    "name": "Saint Vincent and the Grenadines"
  },
  {
    "code": "WS",
    "dial_code": "+685",
    "iso_code": "ws",
    "name": "Samoa"
  },
  {
    "code": "SM",
    "dial_code": "+378",
    "iso_code": "sm",
    "name": "San Marino"
  },
  {
    "code": "ST",
    "dial_code": "+239",
    "iso_code": "st",
    "name": "Sao Tome and Principe"
  },
  {
    "code": "SA",
    "dial_code": "+966",
    "iso_code": "sa",
    "name": "Saudi Arabia"
  },
  {
    "code": "SN",
    "dial_code": "+221",
    "iso_code": "sn",
    "name": "Senegal"
  },
  {
    "code": "RS",
    "dial_code": "+381",
    "iso_code": "rs",
    "name": "Serbia"
  },
  {
    "code": "SC",
    "dial_code": "+248",
    "iso_code": "sc",
    "name": "Seychelles"
  },
  {
    "code": "SL",
    "dial_code": "+232",
    "iso_code": "sl",
    "name": "Sierra Leone"
  },
  {
    "code": "SG",
    "dial_code": "+65",
    "iso_code": "sg",
    "name": "Singapore"
  },
  {
    "code": "SK",
    "dial_code": "+421",
    "iso_code": "sk",
    "name": "Slovakia"
  },
  {
    "code": "SI",
    "dial_code": "+386",
    "iso_code": "si",
    "name": "Slovenia"
  },
  {
    "code": "SB",
    "dial_code": "+677",
    "iso_code": "sb",
    "name": "Solomon Islands"
  },
  {
    "code": "SO",
    "dial_code": "+252",
    "iso_code": "so",
    "name": "Somalia"
  },
  {
    "code": "ZA",
    "dial_code": "+27",
    "iso_code": "za",
    "name": "South Africa"
  },
  {
    "code": "SS",
    "dial_code": "+211",
    "iso_code": "ss",
    "name": "South Sudan"
  },
  {
    "code": "GS",
    "dial_code": "+500",
    "iso_code": "gs",
    "name": "South Georgia and the South Sandwich Islands"
  },
  {
    "code": "ES",
    "dial_code": "+34",
    "iso_code": "es",
    "name": "Spain"
  },
  {
    "code": "LK",
    "dial_code": "+94",
    "iso_code": "lk",
    "name": "Sri Lanka"
  },
  {
    "code": "SD",
    "dial_code": "+249",
    "iso_code": "sd",
    "name": "Sudan"
  },
  {
    "code": "SR",
    "dial_code": "+597",
    "iso_code": "sr",
    "name": "Suriname"
  },
  {
    "code": "SJ",
    "dial_code": "+47",
    "iso_code": "sj",
    "name": "Svalbard and Jan Mayen"
  },
  {
    "code": "SZ",
    "dial_code": "+268",
    "iso_code": "sz",
    "name": "Swaziland"
  },
  {
    "code": "SE",
    "dial_code": "+46",
    "iso_code": "se",
    "name": "Sweden"
  },
  {
    "code": "CH",
    "dial_code": "+41",
    "iso_code": "ch",
    "name": "Switzerland"
  },
  {
    "code": "SY",
    "dial_code": "+963",
    "iso_code": "sy",
    "name": "Syrian Arab Republic"
  },
  {
    "code": "TW",
    "dial_code": "+886",
    "iso_code": "tw",
    "name": "Taiwan"
  },
  {
    "code": "TJ",
    "dial_code": "+992",
    "iso_code": "tj",
    "name": "Tajikistan"
  },
  {
    "code": "TZ",
    "dial_code": "+255",
    "iso_code": "tz",
    "name": "Tanzania, United Republic of Tanzania"
  },
  {
    "code": "TH",
    "dial_code": "+66",
    "iso_code": "th",
    "name": "Thailand"
  },
  {
    "code": "TL",
    "dial_code": "+670",
    "iso_code": "tl",
    "name": "Timor-Leste"
  },
  {
    "code": "TG",
    "dial_code": "+228",
    "iso_code": "tg",
    "name": "Togo"
  },
  {
    "code": "TK",
    "dial_code": "+690",
    "iso_code": "tk",
    "name": "Tokelau"
  },
  {
    "code": "TO",
    "dial_code": "+676",
    "iso_code": "to",
    "name": "Tonga"
  },
  {
    "code": "TT",
    "dial_code": "+1868",
    "iso_code": "tt",
    "name": "Trinidad and Tobago"
  },
  {
    "code": "TN",
    "dial_code": "+216",
    "iso_code": "tn",
    "name": "Tunisia"
  },
  {
    "code": "TR",
    "dial_code": "+90",
    "iso_code": "tr",
    "name": "Turkey"
  },
  {
    "code": "TM",
    "dial_code": "+993",
    "iso_code": "tm",
    "name": "Turkmenistan"
  },
  {
    "code": "TC",
    "dial_code": "+1649",
    "iso_code": "tc",
    "name": "Turks and Caicos Islands"
  },
  {
    "code": "TV",
    "dial_code": "+688",
    "iso_code": "tv",
    "name": "Tuvalu"
  },
  {
    "code": "UG",
    "dial_code": "+256",
    "iso_code": "ug",
    "name": "Uganda"
  },
  {
    "code": "UA",
    "dial_code": "+380",
    "iso_code": "ua",
    "name": "Ukraine"
  },
  {
    "code": "AE",
    "dial_code": "+971",
    "iso_code": "ae",
    "name": "United Arab Emirates"
  },
  {
    "code": "GB",
    "dial_code": "+44",
    "iso_code": "gb",
    "name": "United Kingdom"
  },
  {
    "code": "US",
    "dial_code": "+1",
    "iso_code": "us",
    "name": "United States"
  },
  {
    "code": "UY",
    "dial_code": "+598",
    "iso_code": "uy",
    "name": "Uruguay"
  },
  {
    "code": "UZ",
    "dial_code": "+998",
    "iso_code": "uz",
    "name": "Uzbekistan"
  },
  {
    "code": "VU",
    "dial_code": "+678",
    "iso_code": "vu",
    "name": "Vanuatu"
  },
  {
    "code": "VE",
    "dial_code": "+58",
    "iso_code": "ve",
    "name": "Venezuela, Bolivarian Republic of Venezuela"
  },
  {
    "code": "VN",
    "dial_code": "+84",
    "iso_code": "vn",
    "name": "Vietnam"
  },
  {
    "code": "VG",
    "dial_code": "+1284",
    "iso_code": "vg",
    "name": "Virgin Islands, British"
  },
  {
    "code": "VI",
    "dial_code": "+1340",
    "iso_code": "vi",
    "name": "Virgin Islands, U.S."
  },
  {
    "code": "WF",
    "dial_code": "+681",
    "iso_code": "wf",
    "name": "Wallis and Futuna"
  },
  {
    "code": "YE",
    "dial_code": "+967",
    "iso_code": "ye",
    "name": "Yemen"
  },
  {
    "code": "ZM",
    "dial_code": "+260",
    "iso_code": "zm",
    "name": "Zambia"
  },
  {
    "code": "ZW",
    "dial_code": "+263",
    "iso_code": "zw",
    "name": "Zimbabwe"
  }
]
